Location,Parking Spaces,Toilets,Baths,Price
Lekki,2,4,3,2800000.0
Lekki,3,3,3,1700000.0
Lekki,3,3,3,1800000.0
Ajah,0,4,3,1200000.0
Lekki,10,4,4,1000000.0
Lekki,2,4,3,3500000.0
Lekki,8,4,3,650000.0
Shomolu,1,3,2,900000.0
Lekki,2,4,3,3000000.0
Ikoyi,0,4,3,10000000.0
Lekki,2,4,3,3500000.0
Ajah,0,0,0,1400000.0
Lekki,0,4,3,1800000.0
Lekki,0,4,3,4500000.0
VI,0,3,2,4000000.0
VI,3,4,3,12000000.0
VI,3,4,3,12000000.0
Ikoyi,3,4,3,14000000.0
Ajah,0,0,0,1300000.0
Ikoyi,3,4,3,13000000.0
Lekki,0,4,3,3000000.0
Lekki,2,4,3,2800000.0
Ajah,3,4,3,1200000.0
Lekki,0,4,3,2800000.0
Ajah,6,4,3,1300000.0
Ikoyi,10,4,3,9000000.0
Ajah,0,4,3,1000000.0
Ikoyi,2,3,2,6000000.0
Ikoyi,2,4,3,15000000.0
Ikoyi,2,4,3,13000000.0
Ajah,1,4,3,850000.0
Ajah,3,4,3,800000.0
Magodo,0,0,0,2000000.0
Lekki,3,4,3,1900000.0
Ajah,5,4,3,800000.0
Yaba,3,4,4,1600000.0
Ikoyi,0,4,3,8000000.0
VI,4,4,3,5000000.0
Lekki,0,4,3,2000000.0
VI,0,4,4,
Lekki,0,0,3,3500000.0
Ikoyi,0,4,3,7000000.0
Lekki,2,4,3,2800000.0
Lekki,3,4,3,1800000.0
Yaba,2,3,3,2000000.0
Lekki,0,4,3,30000000.0
Lekki,0,4,3,2000000.0
Ikoyi,0,4,3,8000000.0
Ajah,5,4,3,1300000.0
Lekki,2,4,3,2000000.0
Ikoyi,3,4,3,4500000.0
Lekki,0,2,3,2000000.0
Ajah,5,4,3,800000.0
Ajah,5,4,3,800000.0
Ikoyi,3,4,3,10000000.0
Lekki,2,4,3,1700000.0
Lekki,2,4,3,2200000.0
Lekki,0,4,3,2000000.0
VI,0,4,3,12000000.0
VI,0,4,3,4000000.0
VI,0,4,3,5000000.0
Ajah,10,4,4,1200000.0
Lekki,25,4,4,1200000.0
Lekki,2,4,3,2800000.0
Lekki,15,4,4,1400000.0
Lekki,0,4,3,3500000.0
VI,0,3,3,3500000.0
Lekki,0,4,3,1800000.0
Lekki,2,4,3,3000000.0
Lekki,2,4,3,3000000.0
Lekki,3,4,4,4500000.0
Lekki,3,4,4,2500000.0
Ajah,2,3,2,1500000.0
Lekki,0,4,3,3000000.0
Ojodu,8,3,3,750000.0
Lekki,3,4,3,3500000.0
Lekki,2,4,3,2800000.0
Lekki,0,3,2,1500000.0
VI,2,4,3,3300000.0
Ikeja,0,4,4,1500000.0
Lekki,0,3,3,2500000.0
VI,0,2,2,6000000.0
Lekki,0,3,3,2300000.0
Ikeja,0,4,3,1400000.0
Lekki,2,4,3,2800000.0
VI,0,0,0,6000000.0
Ikeja,0,4,3,1200000.0
Ikeja,0,4,3,2700000.0
Ikeja,14,4,3,1400000.0
Ikeja,0,4,3,2500000.0
Lekki,0,4,3,3500000.0
Lekki,2,4,3,1500000.0
Lekki,0,4,3,1800000.0
Lekki,0,4,3,1800000.0
Lekki,0,4,3,2100000.0
Lekki,0,0,0,3500000.0
Lekki,2,4,3,2800000.0
Lekki,3,4,3,2800000.0
Ikoyi,0,4,3,6000000.0
Lekki,4,4,3,5000000.0
Ikeja,24,4,3,2500000.0
Lekki,0,4,3,750000.0
Ajah,2,4,4,800000.0
Lekki,3,4,3,3000000.0
Lekki,2,4,3,4000000.0
Lekki,2,4,3,2800000.0
Lekki,2,4,3,3000000.0
Lekki,2,4,3,3000000.0
VI,2,4,3,3500000.0
Lekki,2,4,3,3000000.0
Ikoyi,3,2,2,3000000.0
Lekki,2,4,3,2500000.0
VI,2,4,3,6000000.0
Lekki,2,3,2,2200000.0
Lekki,8,4,4,1100000.0
Lekki,0,3,3,3000000.0
Lekki,2,3,3,3000000.0
Ikoyi,3,4,3,10000000.0
Ikeja,15,4,3,1200000.0
Lekki,0,4,3,2300000.0
Lekki,0,4,3,2800000.0
Ajah,25,4,4,1200000.0
Yaba,0,0,0,2000000.0
VI,1,3,2,4500000.0
Lekki,2,4,3,2500000.0
Lekki,4,4,3,2600000.0
Lekki,2,4,3,2800000.0
Agege,4,4,3,700000.0
Lekki,3,4,3,3000000.0
Ikeja,8,4,3,2700000.0
Lekki,0,4,3,2300000.0
Ikeja,0,4,3,2500000.0
Lekki,0,0,0,1800000.0
Lekki,0,4,3,3500000.0
Lekki,0,4,3,2300000.0
Ikeja,2,4,3,1300000.0
Lekki,0,4,3,3000000.0
Lekki,6,4,3,700000.0
Ajah,10,4,3,1000000.0
Lekki,6,4,3,700000.0
Lekki,2,4,3,2500000.0
VI,2,4,3,3000000.0
Lekki,2,4,3,2700000.0
Ogudu,0,4,4,1500000.0
Lekki,4,4,3,1900000.0
Lekki,0,4,4,1900000.0
Ajah,2,4,4,800000.0
Lekki,2,4,3,2800000.0
Ajah,10,4,3,800000.0
VI,2,4,3,3000000.0
VI,2,4,3,3500000.0
Lekki,0,4,3,3000000.0
VI,2,4,3,3000000.0
Lekki,0,4,3,2500000.0
Ikoyi,0,4,3,9000000.0
VI,2,4,3,3500000.0
Lekki,0,4,3,1700000.0
Ikoyi,0,4,3,10000000.0
Ikoyi,0,0,0,7000000.0
Ajah,10,4,4,1500000.0
Ajah,20,4,4,900000.0
Lekki,2,3,2,1800000.0
Ikoyi,0,4,4,13000000.0
Yaba,2,4,4,2000000.0
Lekki,2,4,3,2000000.0
Magodo,0,4,3,1500000.0
Ojodu,0,4,3,1300000.0
Lekki,2,3,3,2000000.0
Lekki,2,4,3,2800000.0
Lekki,2,4,3,2500000.0
Lekki,8,4,2,2000000.0
Lekki,0,3,2,1900000.0
VI,2,4,3,10000000.0
Ajah,0,4,3,1000000.0
Ajah,0,4,3,800000.0
Ikoyi,0,4,3,15000000.0
Lekki,3,4,3,2200000.0
Lekki,3,3,2,2500000.0
Ajah,2,4,4,900000.0
Gbagada,2,4,3,2500000.0
Ikoyi,0,4,3,3500000.0
Lekki,0,4,3,1700000.0
Ikeja,8,3,3,700000.0
Ikeja,0,3,2,650000.0
VI,3,4,3,4000000.0
Ajah,10,4,3,900000.0
Ajah,0,4,3,850000.0
Lekki,2,4,3,3000000.0
Lekki,2,0,3,2800000.0
Lekki,2,4,3,2800000.0
Lekki,2,4,3,2000000.0
Ajah,6,4,3,800000.0
Ajah,0,4,3,700000.0
Ajah,0,4,3,1000000.0
Ajah,2,4,3,1500000.0
Maryland,3,3,3,2500000.0
Ikeja,0,3,3,1200000.0
Lekki,0,4,3,1600000.0
Lekki,0,0,0,3000000.0
Ikoyi,4,4,3,30000000.0
Lekki,0,4,3,2500000.0
Lekki,0,4,4,1700000.0
Ajah,0,0,0,700000.0
Ikoyi,3,4,3,12000000.0
Ikeja,16,4,3,8000000.0
Isolo,10,4,3,950000.0
Ikeja,0,0,0,15000000.0
Magodo,3,4,3,1800000.0
Lekki,0,4,3,2000000.0
Ikoyi,2,4,3,14000000.0
Lekki,2,4,3,2800000.0
VI,0,4,3,8000000.0
Ikoyi,0,4,3,5000000.0
Lekki,2,4,3,1800000.0
Ikoyi,2,4,3,8000000.0
Lekki,3,3,3,3500000.0
Lekki,2,4,3,3000000.0
Ikoyi,2,3,3,9000000.0
Ikoyi,12,4,3,6000000.0
Ikoyi,2,4,3,18000000.0
VI,1,3,3,3500000.0
Ajah,15,4,3,1500000.0
Ikoyi,2,4,4,8000000.0
Ajah,2,3,3,1200000.0
Lekki,0,4,3,3500000.0
Lekki,2,4,3,2000000.0
Lekki,0,4,3,3000000.0
Ajah,0,4,3,1500000.0
Lekki,3,4,3,2000000.0
Ikoyi,2,4,3,12000000.0
Ikeja,0,4,4,4000000.0
Lekki,2,4,3,2800000.0
Ikeja,0,3,3,1000000.0
Yaba,0,4,3,2000000.0
Lekki,0,4,4,2700000.0
Agege,3,3,3,650000.0
Gbagada,2,4,3,2200000.0
VI,3,4,3,
Ogudu,2,4,3,3000000.0
Lekki,0,4,3,1800000.0
Lekki,2,4,3,2000000.0
Lekki,12,4,4,1200000.0
Ikoyi,3,4,3,15000000.0
VI,0,0,0,5000000.0
Lekki,2,4,3,2800000.0
Ikoyi,5,4,4,10000000.0
Gbagada,2,3,2,900000.0
Ajah,2,4,3,700000.0
Lekki,3,4,3,3000000.0
Ajah,0,4,3,400000.0
Ikoyi,3,4,4,12000000.0
Ikoyi,0,0,0,13000000.0
Lekki,2,4,3,2800000.0
Surulere,2,4,3,1350000.0
Ikoyi,2,4,3,5500000.0
VI,2,4,3,3000000.0
Lekki,12,4,4,1800000.0
Ikeja,1,4,3,1200000.0
Gbagada,3,4,3,1500000.0
Lekki,5,4,3,2700000.0
Ajah,0,4,3,1100000.0
Lekki,0,3,3,800000.0
Lekki,0,4,3,3000000.0
Ikoyi,0,4,4,6500000.0
Ikoyi,0,4,3,8000000.0
Ikoyi,2,4,3,18000000.0
Ikoyi,0,4,3,10000000.0
VI,0,3,4,5000000.0
VI,0,4,3,10000000.0
Lekki,2,4,3,1700000.0
Ikoyi,0,4,4,10000000.0
Ajah,0,4,3,1500000.0
Ajah,0,3,3,900000.0
Lekki,2,4,3,2800000.0
Lekki,3,4,3,2800000.0
Lekki,0,3,3,2000000.0
Ajah,2,4,3,1000000.0
Ikoyi,0,2,2,3500000.0
Ajah,4,4,3,1200000.0
Ikoyi,2,4,3,
Lekki,0,4,3,2500000.0
Ikoyi,2,4,3,15000000.0
Ikoyi,0,4,3,3000000.0
VI,0,4,3,4000000.0
VI,0,4,3,3500000.0
Ikoyi,2,4,3,12000000.0
Ikoyi,2,4,3,23000000.0
VI,2,4,3,12000000.0
Ikoyi,2,3,2,8500000.0
Lekki,3,4,3,3000000.0
Ajah,0,4,3,3000000.0
Lekki,5,3,3,1800000.0
Ajah,0,4,3,800000.0
Ajah,0,4,3,800000.0
Lekki,2,4,3,2800000.0
Lekki,2,4,3,3000000.0
VI,1,3,2,3500000.0
Ikoyi,0,4,3,11000000.0
Lekki,2,4,3,2600000.0
Lekki,0,3,3,2000000.0
Lekki,8,4,3,2500000.0
Lekki,2,4,3,2700000.0
Lekki,2,4,3,3500000.0
VI,0,4,3,4000000.0
VI,0,0,0,5000000.0
Ajah,0,3,3,1500000.0
Lekki,0,3,3,1800000.0
Ajah,8,4,3,1100000.0
Lekki,0,4,3,3500000.0
VI,0,0,0,5000000.0
VI,0,4,3,6500000.0
Maryland,2,5,3,1700000.0
Ikoyi,0,4,3,10000000.0
Ikoyi,0,4,3,12000000.0
Lekki,0,4,3,9500000.0
Lekki,2,4,3,2800000.0
Lekki,2,4,3,3500000.0
Ikoyi,0,4,3,10000000.0
Lekki,0,4,3,4000000.0
Lekki,0,3,3,2800000.0
Lekki,1,4,3,2500000.0
Ajah,2,4,3,1000000.0
Lekki,0,3,3,2700000.0
Ikotun,8,4,3,300000.0
Lekki,0,3,3,1700000.0
Lekki,3,3,2,1200000.0
Ikoyi,2,4,3,10000000.0
Ajah,0,5,4,1500000.0
Lekki,2,4,3,2300000.0
North,0,3,3,1000000.0
Ikoyi,2,4,3,14000000.0
Ikoyi,2,4,3,12500000.0
VI,2,4,3,9000000.0
Lekki,0,0,0,3000000.0
Lekki,0,4,3,1400000.0
Ikoyi,2,4,3,5500000.0
Lekki,2,4,3,2800000.0
Ikoyi,0,4,3,9000000.0
VI,0,4,3,3000000.0
Lekki,2,4,3,800000.0
Yaba,2,3,3,1200000.0
Lekki,3,4,3,2000000.0
Lekki,0,4,3,1800000.0
Lekki,0,4,3,2000000.0
Ikoyi,0,4,3,9000000.0
Lekki,0,3,3,4000000.0
Ikoyi,2,4,3,7000000.0
Ikoyi,2,3,4,6500000.0
Lekki,2,3,3,4000000.0
Ikoyi,0,3,3,9000000.0
Lekki,2,4,3,5000000.0
Lekki,0,4,3,3000000.0
Surulere,0,4,4,1300000.0
Lekki,2,4,3,3000000.0
Lekki,2,4,3,2500000.0
Lekki,3,4,3,3500000.0
Lekki,2,4,3,7500000.0
Lekki,2,4,3,2800000.0
Lekki,0,3,3,1800000.0
VI,3,4,3,3000000.0
Lekki,0,4,3,3000000.0
Lekki,0,4,3,3500000.0
Lekki,2,4,3,3500000.0
Ajah,10,4,4,1000000.0
Lekki,2,4,3,3000000.0
Ikeja,1,4,3,1100000.0
Ojodu,0,4,3,1300000.0
Ikoyi,2,4,3,13000000.0
Ikoyi,2,4,3,10000000.0
Ikoyi,2,4,3,6500000.0
VI,0,3,2,2600000.0
Lekki,0,4,3,3800000.0
Lekki,4,4,3,2600000.0
Lekki,3,4,3,2800000.0
Ajah,8,4,3,1300000.0
Ikoyi,2,4,3,10000000.0
VI,0,4,3,
VI,0,0,0,3500000.0
Lekki,2,4,3,2800000.0
Ajah,0,4,3,900000.0
Ikoyi,0,4,3,7000000.0
Lekki,3,4,3,4000000.0
Lekki,3,4,3,1800000.0
Ikoyi,0,0,0,13000000.0
Ikoyi,0,4,3,7000000.0
Ajah,0,4,3,1400000.0
Ajah,20,4,3,1000000.0
Lekki,0,4,3,1800000.0
VI,3,2,2,2500000.0
Lekki,3,4,3,2300000.0
Ikeja,0,4,3,1100000.0
Ikoyi,3,4,3,6000000.0
VI,0,0,0,6000000.0
Ikoyi,0,4,3,9000000.0
Lekki,2,4,3,3000000.0
Lekki,2,4,3,3000000.0
Lekki,3,3,2,1200000.0
Maryland,0,2,2,1700000.0
Lekki,2,4,3,4000000.0
Lekki,2,4,3,2800000.0
Ikoyi,0,4,3,6500000.0
Ajah,10,4,3,1400000.0
Lekki,2,3,3,4500000.0
VI,4,4,3,4500000.0
Ikoyi,2,4,3,4000000.0
Lekki,0,4,4,2800000.0
Maryland,0,0,0,1800000.0
Lekki,2,4,3,3000000.0
Lekki,2,4,3,4000000.0
VI,0,4,3,3600000.0
Ikoyi,5,4,3,4000000.0
VI,2,4,3,2700000.0
VI,0,0,0,5500000.0
VI,0,4,3,20000000.0
Lekki,3,4,3,1650000.0
Lekki,0,0,0,5500000.0
Oshodi,0,0,0,700000.0
Ikoyi,2,4,3,12000000.0
Gbagada,4,4,3,2500000.0
VI,3,4,3,3500000.0
Lekki,2,4,3,2800000.0
Lekki,2,4,3,1500000.0
Lekki,2,4,3,3000000.0
Lekki,0,4,3,1500000.0
Ojodu,0,4,3,1000000.0
Lekki,2,4,3,2900000.0
Isolo,1,2,2,800000.0
Ajah,4,4,4,1000000.0
Ikoyi,4,4,3,15000000.0
Lekki,2,4,3,2000000.0
Ikeja,7,3,2,600000.0
Ajah,5,3,2,1100000.0
Ajah,6,3,2,1000000.0
Lekki,3,4,3,1600000.0
Ikoyi,30,4,3,4000000.0
Lekki,0,4,3,3000000.0
Lekki,3,3,0,4000000.0
VI,0,4,4,3500000.0
Ikoyi,3,4,3,13000000.0
Lekki,0,4,3,4000000.0
VI,2,4,3,5000000.0
Lekki,2,4,3,2800000.0
Ikorodu,10,4,4,500000.0
Lekki,0,4,3,1800000.0
Lekki,2,3,2,2500000.0
Ajah,5,3,3,1200000.0
Ikoyi,0,0,0,5000000.0
Ikoyi,0,4,3,14000000.0
Ajah,0,0,0,1800000.0
VI,0,0,0,3500000.0
Lekki,0,0,0,3000000.0
Ajah,2,4,3,750000.0
Ajah,2,4,3,800000.0
Ajah,5,4,3,1600000.0
Ajah,0,4,3,900000.0
Lekki,0,4,3,1800000.0
Ikorodu,6,4,3,700000.0
Ikoyi,0,0,3,6500000.0
Ikoyi,2,0,0,5000000.0
Ajah,0,4,3,700000.0
Ajah,0,3,3,600000.0
Lekki,0,4,3,1900000.0
Lekki,2,4,3,2800000.0
Gbagada,2,3,2,1300000.0
Ojodu,0,4,3,1200000.0
Magodo,0,4,3,1500000.0
Ajah,5,4,3,1500000.0
Ajah,0,4,3,1300000.0
Lekki,2,4,4,
VI,2,4,3,4000000.0
Lekki,0,4,3,3500000.0
Ojodu,0,3,3,550000.0
Ojodu,0,3,3,350000.0
Ikoyi,0,4,3,10000000.0
Ikoyi,0,4,3,8500000.0
Ikoyi,0,4,3,10000000.0
Ikoyi,0,4,3,15000000.0
Ikoyi,0,4,3,7500000.0
Lekki,2,4,3,2100000.0
City,3,4,3,
Ikoyi,2,4,3,7500000.0
Ikeja,0,0,0,500000.0
Lekki,2,4,3,3000000.0
Lekki,2,4,3,2800000.0
Ikeja,0,4,3,3000000.0
Lekki,4,4,3,800000.0
Maryland,0,3,3,1600000.0
Ikoyi,0,4,3,5000000.0
Ajah,9,4,3,1600000.0
Ikoyi,2,4,3,7000000.0
Ikoyi,4,4,4,7000000.0
Ikoyi,2,4,3,15000000.0
VI,3,4,3,15000000.0
Ikoyi,3,4,3,14000000.0
Ikoyi,2,4,3,17000000.0
VI,2,4,3,25000000.0
VI,2,4,3,
VI,2,4,3,25000000.0
Ikoyi,2,4,3,15000000.0
Ikoyi,3,4,3,9000000.0
Gbagada,0,3,2,1500000.0
Lekki,10,4,3,1300000.0
Ikeja,0,4,3,2500000.0
Ikoyi,2,4,3,11000000.0
Lekki,2,4,3,2800000.0
Surulere,2,2,3,1300000.0
Lekki,2,4,3,8000000.0
VI,3,4,3,4000000.0
VI,2,4,3,4000000.0
Lekki,2,4,3,2600000.0
Isolo,0,4,3,750000.0
VI,1,4,3,3800000.0
Surulere,2,4,3,2500000.0
Lekki,2,4,3,3000000.0
Lekki,2,4,3,7500000.0
Lekki,2,4,3,3000000.0
Lekki,0,4,3,2500000.0
Ajah,2,4,3,1500000.0
Ajah,0,3,4,1000000.0
Lekki,2,4,3,3000000.0
Lekki,0,4,3,3500000.0
Ikoyi,0,4,3,13000000.0
Ojodu,0,2,3,900000.0
Ikeja,0,4,3,2500000.0
Ikeja,0,3,3,1800000.0
Lekki,2,4,3,2800000.0
VI,0,4,3,3000000.0
Ikoyi,0,4,3,5000000.0
Lekki,0,4,3,2500000.0
Lekki,2,4,3,2000000.0
Lekki,2,4,3,3000000.0
Ikoyi,0,0,0,7000000.0
City,0,4,3,20000000.0
Lekki,0,4,3,3000000.0
Ikoyi,2,4,3,10000000.0
Ikoyi,2,4,3,10000000.0
Ikoyi,3,4,3,15000000.0
VI,0,4,3,3000000.0
Lekki,1,4,3,2000000.0
VI,0,2,2,3500000.0
North,2,4,3,800000.0
Lekki,0,4,3,3500000.0
Lekki,0,4,3,2300000.0
Surulere,2,4,4,2500000.0
VI,0,0,0,20000000.0
Ajah,8,4,3,800000.0
Lekki,2,4,3,2800000.0
Ikorodu,0,3,2,330000.0
Gbagada,2,4,4,800000.0
Lekki,4,4,4,700000.0
Ikoyi,0,4,3,8500000.0
Ikoyi,0,4,3,6000000.0
Ikoyi,0,4,3,6000000.0
Lekki,0,4,3,1500000.0
Lekki,0,4,3,4500000.0
Ogudu,2,3,5,1200000.0
Ikoyi,2,4,4,5000000.0
Ikoyi,0,4,3,15000000.0
Ikoyi,2,4,3,5000000.0
Lekki,2,4,3,2800000.0
VI,3,4,3,3000000.0
Lekki,3,4,3,2400000.0
Lekki,0,3,3,1600000.0
VI,0,4,3,3500000.0
Ikoyi,3,4,4,16000000.0
Lekki,0,3,3,2300000.0
Lekki,2,4,3,4000000.0
Lekki,2,4,3,2800000.0
Lekki,2,3,3,1800000.0
Ikoyi,2,4,3,15000000.0
Ikoyi,2,4,3,9500000.0
Lekki,0,4,3,2500000.0
Ikeja,0,4,3,6000000.0
Agege,3,3,3,600000.0
Lekki,2,4,3,3000000.0
Ikeja,6,2,2,700000.0
Ikoyi,2,4,3,6500000.0
Ajah,0,0,0,750000.0
Ikeja,5,3,2,550000.0
Lekki,0,0,0,2500000.0
Lekki,0,0,0,3500000.0
Ikoyi,0,4,3,7000000.0
VI,2,4,3,
Ikoyi,2,4,3,9000000.0
Ikoyi,2,4,3,10000000.0
Lekki,2,4,3,5500000.0
VI,3,4,3,8000000.0
Ajah,4,4,4,1300000.0
Lekki,2,4,3,2800000.0
Lekki,2,4,3,2200000.0
Maryland,3,4,3,1800000.0
Gbagada,4,4,3,2500000.0
Lekki,0,4,3,3000000.0
Ikoyi,0,3,2,9000000.0
Maryland,0,3,3,2000000.0
Ajah,0,3,2,1500000.0
Lekki,2,4,3,2000000.0
Ikoyi,2,4,3,6500000.0
Magodo,8,4,3,1500000.0
Lekki,25,4,4,1200000.0
Lekki,25,4,4,900000.0
Lekki,15,4,4,1400000.0
Ikoyi,2,4,4,12500000.0
Ikoyi,3,3,3,8000000.0
VI,2,4,3,4500000.0
Ikoyi,3,4,4,15000000.0
Yaba,0,4,3,1200000.0
VI,2,4,3,4000000.0
Ikoyi,10,4,3,14000000.0
Lekki,2,4,3,2800000.0
Lekki,6,4,3,800000.0
Lekki,0,4,3,2000000.0
Lekki,0,4,3,2000000.0
Ajah,0,0,0,1500000.0
Ikeja,2,4,3,3000000.0
Lekki,0,4,3,1800000.0
Ikoyi,2,4,3,14000000.0
Ikoyi,2,4,3,15000000.0
Ikoyi,3,4,3,10000000.0
Oshodi,0,0,0,2000000.0
VI,0,4,3,4000000.0
Lekki,0,4,3,3500000.0
Lekki,0,4,3,1600000.0
Lekki,3,4,3,3000000.0
Ajah,2,4,3,1000000.0
Lekki,3,4,3,3000000.0
Ilupeju,2,4,3,2700000.0
Ikeja,3,4,3,6000000.0
VI,0,4,3,3000000.0
Lekki,3,4,3,5000000.0
Lekki,2,4,3,2800000.0
VI,2,4,3,3000000.0
Ajah,2,4,3,900000.0
Ajah,2,4,3,900000.0
Lekki,3,3,3,3000000.0
Lekki,0,4,3,1500000.0
Ikoyi,3,4,4,8000000.0
VI,3,3,3,5000000.0
Lekki,0,4,3,3000000.0
Ikoyi,3,4,4,16000000.0
Ikoyi,2,4,4,9000000.0
Ajah,3,4,3,700000.0
Lekki,3,4,3,2000000.0
Ikoyi,20,4,3,15000000.0
Lekki,0,4,3,1800000.0
Ikoyi,2,3,3,7500000.0
Lekki,0,3,3,4000000.0
Yaba,0,4,3,2200000.0
Ikoyi,0,4,3,5000000.0
Lekki,5,3,3,2200000.0
Ikeja,0,4,3,1400000.0
Lekki,2,4,3,2800000.0
Ajah,0,4,3,1100000.0
Ajah,2,4,3,1400000.0
Lekki,0,0,0,2500000.0
Ikoyi,2,4,3,9000000.0
Ikoyi,2,4,3,6000000.0
Ikoyi,2,4,3,10000000.0
Ikoyi,2,4,3,15000000.0
Lekki,2,4,3,2500000.0
Lekki,1,4,4,500000.0
VI,0,4,3,3500000.0
Lekki,0,4,3,5000000.0
VI,3,4,3,4500000.0
Ikoyi,25,4,3,15000000.0
Magodo,3,4,3,1500000.0
VI,0,4,3,10000000.0
VI,2,4,3,7000000.0
Lekki,2,4,3,6500000.0
Ikorodu,0,4,3,350000.0
Ikoyi,15,4,4,10000000.0
Lekki,0,0,0,2900000.0
Lekki,2,4,3,2800000.0
Ajah,9,4,3,900000.0
Lekki,2,4,3,3000000.0
Ajah,0,4,3,1400000.0
Lekki,0,4,3,2500000.0
Ikoyi,0,4,3,14000000.0
VI,0,4,3,12000000.0
Ikoyi,0,4,3,4000000.0
Ikoyi,3,4,3,6000000.0
Ikeja,0,0,0,1400000.0
Ojodu,0,0,0,1500000.0
City,3,4,4,
Ikoyi,0,4,3,4000000.0
Lekki,15,4,4,1000000.0
Lekki,2,0,3,3500000.0
VI,2,4,4,4500000.0
Ajah,2,3,2,1300000.0
Ikoyi,3,4,3,10000000.0
Lekki,0,4,3,4000000.0
Ajah,0,4,3,500000.0
Agege,2,4,3,950000.0
Lekki,2,4,3,2800000.0
VI,0,4,3,3500000.0
Ikeja,0,4,3,1000000.0
Ikeja,10,4,4,800000.0
VI,0,4,3,15000000.0
Ikoyi,0,4,3,13500000.0
VI,0,3,4,4000000.0
Ikoyi,0,4,3,15000000.0
Ikoyi,0,4,3,13000000.0
Oshodi,0,0,0,700000.0
VI,0,4,3,4000000.0
Lekki,0,4,3,2500000.0
Lekki,2,3,2,3000000.0
Ikoyi,2,4,3,5000000.0
Ikoyi,3,4,3,4000000.0
Ikoyi,2,4,3,4000000.0
Lekki,2,4,3,2000000.0
Ikoyi,2,4,3,14000000.0
Lekki,0,3,2,2500000.0
Ojodu,0,4,3,700000.0
Ikoyi,0,4,3,9000000.0
Lekki,2,4,3,2800000.0
VI,0,4,3,4000000.0
Lekki,3,4,3,2200000.0
Ikeja,0,4,3,800000.0
Yaba,0,4,3,2000000.0
Ajah,8,4,3,1500000.0
Lekki,2,4,3,3000000.0
Surulere,0,0,0,2000000.0
Ikoyi,0,4,3,15000000.0
VI,0,4,3,4000000.0
Ikoyi,2,4,3,7000000.0
Ikoyi,0,4,3,6000000.0
VI,2,4,3,15000000.0
Ikoyi,2,4,3,5500000.0
Ikoyi,2,4,3,13000000.0
Ikoyi,0,4,3,10000000.0
Ikoyi,0,4,3,13000000.0
Ikoyi,0,4,3,14500000.0
Maryland,2,4,3,1600000.0
VI,2,3,3,5000000.0
Ikoyi,3,3,4,12000000.0
Lekki,2,4,3,2800000.0
Gbagada,2,4,4,2300000.0
Oshodi,0,0,0,700000.0
Lekki,3,3,3,1600000.0
Lekki,3,3,3,2200000.0
Lekki,2,4,3,7000000.0
VI,2,4,3,2700000.0
Ajah,9,3,3,900000.0
VI,0,4,4,5000000.0
VI,0,4,3,6500000.0
Ikoyi,2,4,3,10000000.0
Ikoyi,2,4,3,13000000.0
Ikoyi,0,4,3,13000000.0
Ikoyi,6,4,4,5500000.0
Ojodu,0,2,2,350000.0
Ajah,0,4,3,1100000.0
Ajah,0,4,3,800000.0
Ajah,0,4,3,850000.0
Ajah,5,4,3,900000.0
Ojodu,0,4,3,1500000.0
Lekki,3,4,3,3500000.0
Lekki,2,4,3,2800000.0
Lekki,6,4,3,800000.0
Lekki,0,4,3,2000000.0
Ikoyi,0,4,4,10000000.0
Lekki,0,4,3,1800000.0
Lekki,2,4,3,700000.0
Ikoyi,2,4,4,11000000.0
VI,2,4,3,6000000.0
VI,2,4,3,5000000.0
Ikeja,0,4,3,5000000.0
Ikoyi,0,4,3,10000000.0
Ajah,2,3,2,1200000.0
Ikoyi,0,4,3,4000000.0
Ajah,2,4,3,900000.0
Ikeja,2,4,3,2000000.0
Gbagada,2,4,3,2200000.0
Surulere,2,4,3,1300000.0
Lekki,3,4,3,2000000.0
Lekki,6,3,3,2000000.0
Lekki,2,4,3,4500000.0
Ikoyi,2,4,3,12000000.0
Lekki,2,4,3,2800000.0
Ikoyi,2,4,3,10000000.0
Lekki,2,4,3,2000000.0
Lekki,0,4,3,3000000.0
Ajah,3,4,3,1000000.0
Gbagada,2,4,6,2200000.0
Ikoyi,4,4,3,6000000.0
VI,4,4,3,3000000.0
Lekki,1,4,3,1800000.0
Lekki,2,4,3,2200000.0
Ikoyi,3,4,3,5500000.0
Ikoyi,0,4,3,15000000.0
Surulere,3,3,3,1200000.0
Ikoyi,2,4,3,9000000.0
Ikoyi,2,4,3,9000000.0
Ikoyi,2,4,3,18000000.0
Lekki,2,4,3,2500000.0
Lekki,3,4,3,3000000.0
Lekki,2,4,3,3500000.0
VI,2,4,3,5000000.0
Lekki,2,4,3,2800000.0
Lekki,2,4,3,2800000.0
Lekki,2,4,3,2500000.0
VI,2,4,3,8000000.0
Lekki,2,4,3,4500000.0
Ikoyi,2,4,3,13500000.0
Ikoyi,0,0,0,12000000.0
Ikoyi,2,4,3,8000000.0
Lekki,2,4,3,5000000.0
Lekki,2,4,3,2900000.0
VI,2,4,3,4000000.0
Lekki,2,4,3,3000000.0
Ikoyi,2,4,3,5000000.0
VI,0,0,0,12000000.0
VI,2,4,3,6000000.0
Ikeja,0,0,0,1300000.0
VI,0,0,0,4000000.0
VI,2,4,3,3000000.0
Ikoyi,2,4,3,12000000.0
Ikoyi,0,4,3,10000000.0
Ikoyi,3,4,3,18000000.0
VI,2,4,3,15000000.0
Lekki,2,4,3,2800000.0
Ikoyi,2,4,3,
Ikoyi,2,4,3,8000000.0
Ikoyi,2,4,3,13000000.0
Ikoyi,2,4,3,
Lekki,0,4,3,750000.0
Lekki,0,4,4,7000000.0
Lekki,0,4,3,3000000.0
Lekki,2,4,3,700000.0
Lekki,2,4,4,3000000.0
Lekki,7,4,3,2300000.0
VI,2,3,4,10000000.0
Ikoyi,3,3,4,8000000.0
Ikoyi,0,4,3,15000000.0
Ikoyi,0,4,3,9000000.0
Ikoyi,0,4,3,14000000.0
Ikoyi,0,4,3,6500000.0
Ikoyi,0,4,3,15000000.0
Ikoyi,3,4,3,15000000.0
Ikoyi,0,0,0,10000000.0
Ikoyi,0,4,3,7500000.0
Lekki,2,4,3,2800000.0
Lekki,0,4,3,3000000.0
Lekki,0,4,3,2500000.0
Lekki,0,4,3,3000000.0
Lekki,0,4,3,3000000.0
Ikoyi,0,3,3,7000000.0
Lekki,2,4,3,3000000.0
Ajah,0,4,4,1300000.0
Lekki,5,4,3,2200000.0
Lekki,2,4,3,1800000.0
Ikoyi,2,4,3,6000000.0
Ikoyi,2,4,3,12000000.0
Gbagada,2,4,3,2200000.0
Ajah,0,4,3,1200000.0
Ikoyi,0,4,3,7000000.0
VI,0,4,3,7000000.0
VI,2,4,3,2500000.0
Ikoyi,0,4,3,13000000.0
Lekki,2,4,3,1800000.0
Ikeja,0,4,3,3200000.0
Ikoyi,0,4,4,6000000.0
Lekki,2,4,3,2800000.0
Lekki,2,4,4,3000000.0
Ikeja,0,4,3,3000000.0
Ikoyi,0,4,3,13000000.0
Ikoyi,0,4,3,7000000.0
Lekki,2,4,3,2800000.0
Ajah,6,4,3,1400000.0
Lekki,200,4,3,2500000.0
VI,0,0,0,17000000.0
Ajah,0,4,3,1400000.0
Ikoyi,2,4,3,10000000.0
Ikoyi,2,4,3,11000000.0
Ikoyi,2,4,3,16000000.0
Ikoyi,4,5,4,10000000.0
VI,2,2,2,3500000.0
Ikoyi,4,4,3,15000000.0
Ajah,3,2,3,700000.0
Gbagada,5,4,3,1100000.0
Lekki,0,4,3,16000000.0
Lekki,2,2,2,3000000.0
Ajah,0,0,0,1100000.0
Lekki,2,4,3,2800000.0
VI,7,5,4,8000000.0
Lekki,0,4,3,7500000.0
Lekki,0,4,3,6500000.0
Gbagada,3,4,3,2500000.0
Lekki,2,4,3,2000000.0
Ajah,0,4,3,1000000.0
Gbagada,4,4,3,2200000.0
Ajah,2,4,3,1000000.0
Ikoyi,3,2,2,2500000.0
Lekki,2,4,3,2500000.0
Lekki,0,4,3,2500000.0
Lekki,0,4,3,750000.0
Lekki,2,4,3,3000000.0
Lekki,0,4,3,3000000.0
Lekki,3,4,3,2500000.0
Lekki,2,4,3,3000000.0
VI,0,4,3,2700000.0
VI,0,4,3,3500000.0
Ajah,15,4,4,15000000.0
Ajah,23,4,4,1200000.0
Lekki,2,4,3,2800000.0
North,6,4,3,800000.0
Lekki,2,4,3,1800000.0
Ikoyi,4,4,3,15000000.0
Ikoyi,0,3,3,4000000.0
Ajah,1,4,3,1400000.0
Ikoyi,2,4,3,5500000.0
Ikoyi,0,4,3,8000000.0
Lekki,2,4,2,1500000.0
Ikoyi,0,4,3,8000000.0
Lekki,0,4,3,3500000.0
Ikoyi,2,4,3,13000000.0
Ikoyi,2,4,3,12500000.0
VI,2,4,3,3500000.0
City,3,4,3,
Ikoyi,0,4,3,8000000.0
Ikoyi,0,4,3,10000000.0
Lekki,2,4,3,2500000.0
Ajah,0,3,3,2000000.0
Lekki,2,4,3,3000000.0
Lekki,3,4,3,3000000.0
Lekki,2,4,3,2800000.0
Lekki,2,4,3,3500000.0
Lekki,0,4,3,3000000.0
Lekki,0,4,3,2500000.0
Lekki,2,4,3,1900000.0
Lekki,2,4,3,2500000.0
Lekki,2,4,3,2300000.0
Lekki,2,4,3,2500000.0
Ajah,2,4,3,1400000.0
Lekki,0,0,0,6000000.0
Ajah,23,4,4,1500000.0
Ajah,13,4,4,1200000.0
VI,2,5,4,4000000.0
Lekki,0,4,3,2700000.0
Lekki,2,4,3,4000000.0
Ikoyi,5,4,3,8000000.0
Lekki,0,4,3,6000000.0
VI,2,4,3,5000000.0
Lekki,2,4,3,1500000.0
VI,2,4,3,4000000.0
Lekki,2,4,3,3500000.0
Lekki,2,4,3,2800000.0
Lekki,3,4,3,5500000.0
Lekki,8,4,3,3500000.0
Yaba,0,4,3,1500000.0
Agege,2,4,3,1000000.0
Ikoyi,0,0,0,1500000.0
Lekki,3,4,3,3000000.0
Lekki,2,4,3,2300000.0
Ajah,0,4,3,850000.0
Lekki,2,4,3,2000000.0
Ikoyi,2,4,3,7000000.0
Ikoyi,0,4,3,20000000.0
VI,1,4,3,3000000.0
VI,2,4,4,4000000.0
Ikoyi,0,4,3,10000000.0
Lekki,2,4,3,6000000.0
VI,2,4,3,5000000.0
VI,2,4,3,6500000.0
VI,2,4,3,3500000.0
Ikoyi,0,4,3,7500000.0
Lekki,2,4,3,2000000.0
Lekki,2,4,3,2800000.0
Lekki,2,4,3,1400000.0
Ikoyi,0,4,3,6500000.0
Ikeja,0,3,3,1600000.0
Ikoyi,2,4,3,14000000.0
Lekki,2,4,3,4500000.0
Ojo,1,3,2,300000.0
Ikoyi,2,4,3,
Ikoyi,2,4,3,15000000.0
VI,2,4,3,5000000.0
Ikoyi,3,4,3,
Lekki,6,4,3,700000.0
VI,0,4,3,3500000.0
Lekki,2,3,3,1800000.0
Lekki,2,4,3,2800000.0
Lekki,0,4,3,8000000.0
Ikoyi,0,3,2,8000000.0
Lekki,2,4,3,4000000.0
North,10,4,3,800000.0
Magodo,9,4,3,1800000.0
Ikoyi,2,4,3,8000000.0
Lekki,2,4,3,2800000.0
Maryland,2,4,3,2000000.0
Lekki,10,4,3,1000000.0
VI,3,4,4,19965000.0
VI,0,4,3,
Ikoyi,0,0,0,15000000.0
Lekki,2,4,3,3000000.0
Ikoyi,3,4,3,14000000.0
Ikoyi,4,4,3,15000000.0
Ikoyi,2,4,3,6000000.0
Ikoyi,2,4,3,14000000.0
Ikoyi,3,4,3,9000000.0
VI,2,4,3,12000000.0
Ikoyi,2,4,3,11000000.0
VI,2,4,3,3000000.0
Lekki,0,4,3,4000000.0
Ikoyi,2,4,3,14500000.0
VI,2,4,3,4500000.0
VI,2,4,3,4000000.0
Ikoyi,0,0,2,7000000.0
Ikeja,1,4,3,3000000.0
Lekki,2,4,3,2800000.0
VI,12,4,3,4500000.0
Surulere,2,4,3,2500000.0
Lekki,4,4,3,600000.0
Ikoyi,2,4,3,13000000.0
Ikoyi,40,4,3,8000000.0
Lekki,7,4,4,1800000.0
Lekki,0,4,3,3500000.0
Lekki,2,4,3,3500000.0
Lekki,2,4,3,3000000.0
Lekki,2,4,3,3500000.0
Lekki,1,3,3,3000000.0
Lekki,2,4,3,3000000.0
Lekki,2,4,3,3500000.0
Lekki,2,4,3,3500000.0
City,3,4,3,
Lekki,2,4,3,2500000.0
Ikoyi,2,4,4,6000000.0
Lekki,30,4,3,900000.0
Lekki,2,4,3,2000000.0
VI,3,4,3,4000000.0
